[
    {
        "pk": 1, 
        "model": "rost.route", 
        "fields": {
            "start": 440, 
            "end": 447, 
            "name": "7"
        }
    }, 
    {
        "pk": 2, 
        "model": "rost.route", 
        "fields": {
            "start": 62, 
            "end": 666, 
            "name": "8"
        }
    }, 
    {
        "pk": 3, 
        "model": "rost.route", 
        "fields": {
            "start": 663, 
            "end": 356, 
            "name": "19"
        }
    }, 
    {
        "pk": 4, 
        "model": "rost.route", 
        "fields": {
            "start": 727, 
            "end": 356, 
            "name": "19A"
        }
    }, 
    {
        "pk": 5, 
        "model": "rost.route", 
        "fields": {
            "start": 361, 
            "end": 356, 
            "name": "19B"
        }
    }, 
    {
        "pk": 6, 
        "model": "rost.route", 
        "fields": {
            "start": 587, 
            "end": 939, 
            "name": "26"
        }
    }, 
    {
        "pk": 7, 
        "model": "rost.route", 
        "fields": {
            "start": 911, 
            "end": 939, 
            "name": "26A"
        }
    }, 
    {
        "pk": 8, 
        "model": "rost.route", 
        "fields": {
            "start": 108, 
            "end": 685, 
            "name": "33"
        }
    }, 
    {
        "pk": 9, 
        "model": "rost.route", 
        "fields": {
            "start": 62, 
            "end": 963, 
            "name": "33A"
        }
    }, 
    {
        "pk": 10, 
        "model": "rost.route", 
        "fields": {
            "start": 558, 
            "end": 681, 
            "name": "34"
        }
    }, 
    {
        "pk": 11, 
        "model": "rost.route", 
        "fields": {
            "start": 479, 
            "end": 556, 
            "name": "34A"
        }
    }, 
    {
        "pk": 12, 
        "model": "rost.route", 
        "fields": {
            "start": 382, 
            "end": 1033, 
            "name": "39"
        }
    }, 
    {
        "pk": 13, 
        "model": "rost.route", 
        "fields": {
            "start": 29, 
            "end": 1033, 
            "name": "39A"
        }
    }, 
    {
        "pk": 14, 
        "model": "rost.route", 
        "fields": {
            "start": 477, 
            "end": 62, 
            "name": "40"
        }
    }, 
    {
        "pk": 15, 
        "model": "rost.route", 
        "fields": {
            "start": 334, 
            "end": 139, 
            "name": "47"
        }
    }, 
    {
        "pk": 16, 
        "model": "rost.route", 
        "fields": {
            "start": 334, 
            "end": 139, 
            "name": "47A"
        }
    }, 
    {
        "pk": 17, 
        "model": "rost.route", 
        "fields": {
            "start": 787, 
            "end": 610, 
            "name": "53"
        }
    }, 
    {
        "pk": 18, 
        "model": "rost.route", 
        "fields": {
            "start": 648, 
            "end": 133, 
            "name": "56"
        }
    }, 
    {
        "pk": 19, 
        "model": "rost.route", 
        "fields": {
            "start": 239, 
            "end": 377, 
            "name": "61"
        }
    }, 
    {
        "pk": 20, 
        "model": "rost.route", 
        "fields": {
            "start": 346, 
            "end": 1055, 
            "name": "66"
        }
    }, 
    {
        "pk": 21, 
        "model": "rost.route", 
        "fields": {
            "start": 338, 
            "end": 334, 
            "name": "71"
        }
    }, 
    {
        "pk": 22, 
        "model": "rost.route", 
        "fields": {
            "start": 28, 
            "end": 289, 
            "name": "73"
        }
    }, 
    {
        "pk": 23, 
        "model": "rost.route", 
        "fields": {
            "start": 51, 
            "end": 334, 
            "name": "78"
        }
    }, 
    {
        "pk": 24, 
        "model": "rost.route", 
        "fields": {
            "start": 334, 
            "end": 587, 
            "name": "81"
        }
    }, 
    {
        "pk": 25, 
        "model": "rost.route", 
        "fields": {
            "start": 28, 
            "end": 774, 
            "name": "85"
        }
    }, 
    {
        "pk": 26, 
        "model": "rost.route", 
        "fields": {
            "start": 28, 
            "end": 1080, 
            "name": "85 Extn."
        }
    }, 
    {
        "pk": 27, 
        "model": "rost.route", 
        "fields": {
            "start": 1033, 
            "end": 787, 
            "name": "89"
        }
    }, 
    {
        "pk": 28, 
        "model": "rost.route", 
        "fields": {
            "start": 440, 
            "end": 1033, 
            "name": "91"
        }
    }, 
    {
        "pk": 29, 
        "model": "rost.route", 
        "fields": {
            "start": 28, 
            "end": 271, 
            "name": "92"
        }
    }, 
    {
        "pk": 30, 
        "model": "rost.route", 
        "fields": {
            "start": 440, 
            "end": 4, 
            "name": "100"
        }
    }, 
    {
        "pk": 31, 
        "model": "rost.route", 
        "fields": {
            "start": 440, 
            "end": 910, 
            "name": "100 Extn."
        }
    }, 
    {
        "pk": 32, 
        "model": "rost.route", 
        "fields": {
            "start": 440, 
            "end": 67, 
            "name": "100A"
        }
    }, 
    {
        "pk": 33, 
        "model": "rost.route", 
        "fields": {
            "start": 663, 
            "end": 1013, 
            "name": "101"
        }
    }, 
    {
        "pk": 34, 
        "model": "rost.route", 
        "fields": {
            "start": 710, 
            "end": 859, 
            "name": "102"
        }
    }, 
    {
        "pk": 35, 
        "model": "rost.route", 
        "fields": {
            "start": 238, 
            "end": 630, 
            "name": "103"
        }
    }, 
    {
        "pk": 36, 
        "model": "rost.route", 
        "fields": {
            "start": 51, 
            "end": 702, 
            "name": "103 STL"
        }
    }, 
    {
        "pk": 37, 
        "model": "rost.route", 
        "fields": {
            "start": 1033, 
            "end": 629, 
            "name": "103 Extn."
        }
    }, 
    {
        "pk": 38, 
        "model": "rost.route", 
        "fields": {
            "start": 973, 
            "end": 377, 
            "name": "104"
        }
    }, 
    {
        "pk": 39, 
        "model": "rost.route", 
        "fields": {
            "start": 338, 
            "end": 591, 
            "name": "105"
        }
    }, 
    {
        "pk": 40, 
        "model": "rost.route", 
        "fields": {
            "start": 238, 
            "end": 785, 
            "name": "106"
        }
    }, 
    {
        "pk": 41, 
        "model": "rost.route", 
        "fields": {
            "start": 238, 
            "end": 436, 
            "name": "107"
        }
    }, 
    {
        "pk": 42, 
        "model": "rost.route", 
        "fields": {
            "start": 86, 
            "end": 289, 
            "name": "108"
        }
    }, 
    {
        "pk": 43, 
        "model": "rost.route", 
        "fields": {
            "start": 51, 
            "end": 91, 
            "name": "109"
        }
    }, 
    {
        "pk": 44, 
        "model": "rost.route", 
        "fields": {
            "start": 440, 
            "end": 911, 
            "name": "110"
        }
    }, 
    {
        "pk": 45, 
        "model": "rost.route", 
        "fields": {
            "start": 238, 
            "end": 895, 
            "name": "112"
        }
    }, 
    {
        "pk": 46, 
        "model": "rost.route", 
        "fields": {
            "start": 238, 
            "end": 912, 
            "name": "113"
        }
    }, 
    {
        "pk": 47, 
        "model": "rost.route", 
        "fields": {
            "start": 51, 
            "end": 253, 
            "name": "113 Extn."
        }
    }, 
    {
        "pk": 48, 
        "model": "rost.route", 
        "fields": {
            "start": 238, 
            "end": 785, 
            "name": "114"
        }
    }, 
    {
        "pk": 49, 
        "model": "rost.route", 
        "fields": {
            "start": 51, 
            "end": 46, 
            "name": "114A"
        }
    }, 
    {
        "pk": 50, 
        "model": "rost.route", 
        "fields": {
            "start": 51, 
            "end": 370, 
            "name": "114 Etxn."
        }
    }, 
    {
        "pk": 51, 
        "model": "rost.route", 
        "fields": {
            "start": 710, 
            "end": 40, 
            "name": "115"
        }
    }, 
    {
        "pk": 52, 
        "model": "rost.route", 
        "fields": {
            "start": 710, 
            "end": 131, 
            "name": "116"
        }
    }, 
    {
        "pk": 53, 
        "model": "rost.route", 
        "fields": {
            "start": 340, 
            "end": 556, 
            "name": "118 Extn."
        }
    }, 
    {
        "pk": 54, 
        "model": "rost.route", 
        "fields": {
            "start": 238, 
            "end": 72, 
            "name": "119"
        }
    }, 
    {
        "pk": 55, 
        "model": "rost.route", 
        "fields": {
            "start": 440, 
            "end": 630, 
            "name": "120"
        }
    }, 
    {
        "pk": 56, 
        "model": "rost.route", 
        "fields": {
            "start": 340, 
            "end": 630, 
            "name": "120A"
        }
    }, 
    {
        "pk": 57, 
        "model": "rost.route", 
        "fields": {
            "start": 648, 
            "end": 630, 
            "name": "120B"
        }
    }, 
    {
        "pk": 58, 
        "model": "rost.route", 
        "fields": {
            "start": 340, 
            "end": 286, 
            "name": "123"
        }
    }, 
    {
        "pk": 59, 
        "model": "rost.route", 
        "fields": {
            "start": 238, 
            "end": 591, 
            "name": "124"
        }
    }, 
    {
        "pk": 60, 
        "model": "rost.route", 
        "fields": {
            "start": 238, 
            "end": 728, 
            "name": "125"
        }
    }, 
    {
        "pk": 61, 
        "model": "rost.route", 
        "fields": {
            "start": 238, 
            "end": 282, 
            "name": "127"
        }
    }, 
    {
        "pk": 62, 
        "model": "rost.route", 
        "fields": {
            "start": 340, 
            "end": 457, 
            "name": "128"
        }
    }, 
    {
        "pk": 63, 
        "model": "rost.route", 
        "fields": {
            "start": 710, 
            "end": 386, 
            "name": "129"
        }
    }, 
    {
        "pk": 64, 
        "model": "rost.route", 
        "fields": {
            "start": 238, 
            "end": 487, 
            "name": "131"
        }
    }, 
    {
        "pk": 65, 
        "model": "rost.route", 
        "fields": {
            "start": 340, 
            "end": 630, 
            "name": "133"
        }
    }, 
    {
        "pk": 66, 
        "model": "rost.route", 
        "fields": {
            "start": 338, 
            "end": 324, 
            "name": "134"
        }
    }, 
    {
        "pk": 67, 
        "model": "rost.route", 
        "fields": {
            "start": 51, 
            "end": 324, 
            "name": "134A"
        }
    }, 
    {
        "pk": 68, 
        "model": "rost.route", 
        "fields": {
            "start": 180, 
            "end": 630, 
            "name": "135"
        }
    }, 
    {
        "pk": 69, 
        "model": "rost.route", 
        "fields": {
            "start": 238, 
            "end": 253, 
            "name": "136"
        }
    }, 
    {
        "pk": 70, 
        "model": "rost.route", 
        "fields": {
            "start": 238, 
            "end": 309, 
            "name": "137"
        }
    }, 
    {
        "pk": 71, 
        "model": "rost.route", 
        "fields": {
            "start": 238, 
            "end": 284, 
            "name": "138"
        }
    }, 
    {
        "pk": 72, 
        "model": "rost.route", 
        "fields": {
            "start": 340, 
            "end": 947, 
            "name": "140"
        }
    }, 
    {
        "pk": 73, 
        "model": "rost.route", 
        "fields": {
            "start": 710, 
            "end": 356, 
            "name": "142"
        }
    }, 
    {
        "pk": 74, 
        "model": "rost.route", 
        "fields": {
            "start": 710, 
            "end": 356, 
            "name": "142A"
        }
    }, 
    {
        "pk": 75, 
        "model": "rost.route", 
        "fields": {
            "start": 28, 
            "end": 443, 
            "name": "143"
        }
    }, 
    {
        "pk": 76, 
        "model": "rost.route", 
        "fields": {
            "start": 238, 
            "end": 982, 
            "name": "144"
        }
    }, 
    {
        "pk": 77, 
        "model": "rost.route", 
        "fields": {
            "start": 238, 
            "end": 308, 
            "name": "146"
        }
    }, 
    {
        "pk": 78, 
        "model": "rost.route", 
        "fields": {
            "start": 238, 
            "end": 1022, 
            "name": "147"
        }
    }, 
    {
        "pk": 79, 
        "model": "rost.route", 
        "fields": {
            "start": 238, 
            "end": 1024, 
            "name": "148"
        }
    }, 
    {
        "pk": 80, 
        "model": "rost.route", 
        "fields": {
            "start": 238, 
            "end": 1015, 
            "name": "149"
        }
    }, 
    {
        "pk": 81, 
        "model": "rost.route", 
        "fields": {
            "start": 340, 
            "end": 178, 
            "name": "154"
        }
    }, 
    {
        "pk": 82, 
        "model": "rost.route", 
        "fields": {
            "start": 332, 
            "end": 356, 
            "name": "159"
        }
    }, 
    {
        "pk": 83, 
        "model": "rost.route", 
        "fields": {
            "start": 440, 
            "end": 280, 
            "name": "160"
        }
    }, 
    {
        "pk": 84, 
        "model": "rost.route", 
        "fields": {
            "start": 240, 
            "end": 1022, 
            "name": "162"
        }
    }, 
    {
        "pk": 85, 
        "model": "rost.route", 
        "fields": {
            "start": 28, 
            "end": 630, 
            "name": "163"
        }
    }, 
    {
        "pk": 86, 
        "model": "rost.route", 
        "fields": {
            "start": 973, 
            "end": 1680, 
            "name": "164"
        }
    }, 
    {
        "pk": 87, 
        "model": "rost.route", 
        "fields": {
            "start": 28, 
            "end": 947, 
            "name": "165"
        }
    }, 
    {
        "pk": 88, 
        "model": "rost.route", 
        "fields": {
            "start": 663, 
            "end": 107, 
            "name": "166"
        }
    }, 
    {
        "pk": 89, 
        "model": "rost.route", 
        "fields": {
            "start": 338, 
            "end": 436, 
            "name": "169"
        }
    }, 
    {
        "pk": 90, 
        "model": "rost.route", 
        "fields": {
            "start": 973, 
            "end": 312, 
            "name": "171"
        }
    }, 
    {
        "pk": 91, 
        "model": "rost.route", 
        "fields": {
            "start": 648, 
            "end": 312, 
            "name": "172"
        }
    }, 
    {
        "pk": 92, 
        "model": "rost.route", 
        "fields": {
            "start": 346, 
            "end": 703, 
            "name": "173"
        }
    }, 
    {
        "pk": 93, 
        "model": "rost.route", 
        "fields": {
            "start": 51, 
            "end": 393, 
            "name": "174 STL"
        }
    }, 
    {
        "pk": 94, 
        "model": "rost.route", 
        "fields": {
            "start": 238, 
            "end": 487, 
            "name": "175"
        }
    }, 
    {
        "pk": 95, 
        "model": "rost.route", 
        "fields": {
            "start": 340, 
            "end": 728, 
            "name": "176"
        }
    }, 
    {
        "pk": 96, 
        "model": "rost.route", 
        "fields": {
            "start": 340, 
            "end": 436, 
            "name": "177"
        }
    }, 
    {
        "pk": 97, 
        "model": "rost.route", 
        "fields": {
            "start": 51, 
            "end": 630, 
            "name": "179"
        }
    }, 
    {
        "pk": 98, 
        "model": "rost.route", 
        "fields": {
            "start": 440, 
            "end": 127, 
            "name": "180"
        }
    }, 
    {
        "pk": 99, 
        "model": "rost.route", 
        "fields": {
            "start": 663, 
            "end": 356, 
            "name": "181"
        }
    }, 
    {
        "pk": 100, 
        "model": "rost.route", 
        "fields": {
            "start": 663, 
            "end": 356, 
            "name": "181A"
        }
    }, 
    {
        "pk": 101, 
        "model": "rost.route", 
        "fields": {
            "start": 338, 
            "end": 991, 
            "name": "182A"
        }
    }, 
    {
        "pk": 102, 
        "model": "rost.route", 
        "fields": {
            "start": 710, 
            "end": 853, 
            "name": "183"
        }
    }, 
    {
        "pk": 103, 
        "model": "rost.route", 
        "fields": {
            "start": 440, 
            "end": 476, 
            "name": "185"
        }
    }, 
    {
        "pk": 104, 
        "model": "rost.route", 
        "fields": {
            "start": 338, 
            "end": 585, 
            "name": "186"
        }
    }, 
    {
        "pk": 105, 
        "model": "rost.route", 
        "fields": {
            "start": 727, 
            "end": 983, 
            "name": "187"
        }
    }, 
    {
        "pk": 106, 
        "model": "rost.route", 
        "fields": {
            "start": 440, 
            "end": 914, 
            "name": "190"
        }
    }, 
    {
        "pk": 107, 
        "model": "rost.route", 
        "fields": {
            "start": 340, 
            "end": 287, 
            "name": "191"
        }
    }, 
    {
        "pk": 108, 
        "model": "rost.route", 
        "fields": {
            "start": 338, 
            "end": 476, 
            "name": "192"
        }
    }, 
    {
        "pk": 109, 
        "model": "rost.route", 
        "fields": {
            "start": 340, 
            "end": 630, 
            "name": "193"
        }
    }, 
    {
        "pk": 110, 
        "model": "rost.route", 
        "fields": {
            "start": 238, 
            "end": 84, 
            "name": "194"
        }
    }, 
    {
        "pk": 111, 
        "model": "rost.route", 
        "fields": {
            "start": 710, 
            "end": 983, 
            "name": "195"
        }
    }, 
    {
        "pk": 112, 
        "model": "rost.route", 
        "fields": {
            "start": 973, 
            "end": 856, 
            "name": "196"
        }
    }, 
    {
        "pk": 113, 
        "model": "rost.route", 
        "fields": {
            "start": 1079, 
            "end": 109, 
            "name": "198"
        }
    }, 
    {
        "pk": 114, 
        "model": "rost.route", 
        "fields": {
            "start": 710, 
            "end": 67, 
            "name": "199"
        }
    }, 
    {
        "pk": 115, 
        "model": "rost.route", 
        "fields": {
            "start": 710, 
            "end": 28, 
            "name": "202"
        }
    }, 
    {
        "pk": 116, 
        "model": "rost.route", 
        "fields": {
            "start": 973, 
            "end": 255, 
            "name": "204"
        }
    }, 
    {
        "pk": 117, 
        "model": "rost.route", 
        "fields": {
            "start": 710, 
            "end": 653, 
            "name": "205"
        }
    }, 
    {
        "pk": 118, 
        "model": "rost.route", 
        "fields": {
            "start": 440, 
            "end": 294, 
            "name": "210"
        }
    }, 
    {
        "pk": 119, 
        "model": "rost.route", 
        "fields": {
            "start": 340, 
            "end": 556, 
            "name": "211"
        }
    }, 
    {
        "pk": 120, 
        "model": "rost.route", 
        "fields": {
            "start": 340, 
            "end": 553, 
            "name": "211A"
        }
    }, 
    {
        "pk": 121, 
        "model": "rost.route", 
        "fields": {
            "start": 27, 
            "end": 28, 
            "name": "212"
        }
    }, 
    {
        "pk": 122, 
        "model": "rost.route", 
        "fields": {
            "start": 440, 
            "end": 294, 
            "name": "213"
        }
    }, 
    {
        "pk": 123, 
        "model": "rost.route", 
        "fields": {
            "start": 56, 
            "end": 611, 
            "name": "213A"
        }
    }, 
    {
        "pk": 124, 
        "model": "rost.route", 
        "fields": {
            "start": 412, 
            "end": 938, 
            "name": "214"
        }
    }, 
    {
        "pk": 125, 
        "model": "rost.route", 
        "fields": {
            "start": 27, 
            "end": 938, 
            "name": "214A"
        }
    }, 
    {
        "pk": 126, 
        "model": "rost.route", 
        "fields": {
            "start": 477, 
            "end": 653, 
            "name": "216"
        }
    }, 
    {
        "pk": 127, 
        "model": "rost.route", 
        "fields": {
            "start": 56, 
            "end": 259, 
            "name": "217"
        }
    }, 
    {
        "pk": 128, 
        "model": "rost.route", 
        "fields": {
            "start": 60, 
            "end": 940, 
            "name": "218"
        }
    }, 
    {
        "pk": 129, 
        "model": "rost.route", 
        "fields": {
            "start": 710, 
            "end": 620, 
            "name": "219"
        }
    }, 
    {
        "pk": 130, 
        "model": "rost.route", 
        "fields": {
            "start": 340, 
            "end": 28, 
            "name": "221"
        }
    }, 
    {
        "pk": 131, 
        "model": "rost.route", 
        "fields": {
            "start": 340, 
            "end": 384, 
            "name": "221A"
        }
    }, 
    {
        "pk": 132, 
        "model": "rost.route", 
        "fields": {
            "start": 710, 
            "end": 431, 
            "name": "227A"
        }
    }, 
    {
        "pk": 133, 
        "model": "rost.route", 
        "fields": {
            "start": 710, 
            "end": 543, 
            "name": "231"
        }
    }, 
    {
        "pk": 134, 
        "model": "rost.route", 
        "fields": {
            "start": 1026, 
            "end": 294, 
            "name": "234"
        }
    }, 
    {
        "pk": 135, 
        "model": "rost.route", 
        "fields": {
            "start": 1078, 
            "end": 615, 
            "name": "235"
        }
    }, 
    {
        "pk": 136, 
        "model": "rost.route", 
        "fields": {
            "start": 28, 
            "end": 621, 
            "name": "236"
        }
    }, 
    {
        "pk": 137, 
        "model": "rost.route", 
        "fields": {
            "start": 28, 
            "end": 926, 
            "name": "236 Extn."
        }
    }, 
    {
        "pk": 138, 
        "model": "rost.route", 
        "fields": {
            "start": 973, 
            "end": 615, 
            "name": "241"
        }
    }, 
    {
        "pk": 139, 
        "model": "rost.route", 
        "fields": {
            "start": 973, 
            "end": 938, 
            "name": "246"
        }
    }, 
    {
        "pk": 140, 
        "model": "rost.route", 
        "fields": {
            "start": 338, 
            "end": 422, 
            "name": "247"
        }
    }, 
    {
        "pk": 141, 
        "model": "rost.route", 
        "fields": {
            "start": 340, 
            "end": 391, 
            "name": "248"
        }
    }, 
    {
        "pk": 142, 
        "model": "rost.route", 
        "fields": {
            "start": 340, 
            "end": 1086, 
            "name": "253"
        }
    }, 
    {
        "pk": 143, 
        "model": "rost.route", 
        "fields": {
            "start": 60, 
            "end": 621, 
            "name": "254"
        }
    }, 
    {
        "pk": 144, 
        "model": "rost.route", 
        "fields": {
            "start": 440, 
            "end": 890, 
            "name": "255"
        }
    }, 
    {
        "pk": 145, 
        "model": "rost.route", 
        "fields": {
            "start": 340, 
            "end": 144, 
            "name": "258"
        }
    }, 
    {
        "pk": 146, 
        "model": "rost.route", 
        "fields": {
            "start": 356, 
            "end": 294, 
            "name": "259"
        }
    }, 
    {
        "pk": 147, 
        "model": "rost.route", 
        "fields": {
            "start": 440, 
            "end": 1085, 
            "name": "260"
        }
    }, 
    {
        "pk": 148, 
        "model": "rost.route", 
        "fields": {
            "start": 917, 
            "end": 615, 
            "name": "261"
        }
    }, 
    {
        "pk": 149, 
        "model": "rost.route", 
        "fields": {
            "start": 411, 
            "end": 294, 
            "name": "262"
        }
    }, 
    {
        "pk": 150, 
        "model": "rost.route", 
        "fields": {
            "start": 340, 
            "end": 335, 
            "name": "263"
        }
    }, 
    {
        "pk": 151, 
        "model": "rost.route", 
        "fields": {
            "start": 973, 
            "end": 351, 
            "name": "266"
        }
    }, 
    {
        "pk": 152, 
        "model": "rost.route", 
        "fields": {
            "start": 440, 
            "end": 431, 
            "name": "270"
        }
    }, 
    {
        "pk": 153, 
        "model": "rost.route", 
        "fields": {
            "start": 440, 
            "end": 351, 
            "name": "271"
        }
    }, 
    {
        "pk": 154, 
        "model": "rost.route", 
        "fields": {
            "start": 973, 
            "end": 335, 
            "name": "273"
        }
    }, 
    {
        "pk": 155, 
        "model": "rost.route", 
        "fields": {
            "start": 60, 
            "end": 708, 
            "name": "274"
        }
    }, 
    {
        "pk": 156, 
        "model": "rost.route", 
        "fields": {
            "start": 440, 
            "end": 615, 
            "name": "280"
        }
    }, 
    {
        "pk": 157, 
        "model": "rost.route", 
        "fields": {
            "start": 440, 
            "end": 193, 
            "name": "281"
        }
    }, 
    {
        "pk": 158, 
        "model": "rost.route", 
        "fields": {
            "start": 56, 
            "end": 556, 
            "name": "301"
        }
    }, 
    {
        "pk": 159, 
        "model": "rost.route", 
        "fields": {
            "start": 340, 
            "end": 382, 
            "name": "302"
        }
    }, 
    {
        "pk": 160, 
        "model": "rost.route", 
        "fields": {
            "start": 644, 
            "end": 409, 
            "name": "306"
        }
    }, 
    {
        "pk": 161, 
        "model": "rost.route", 
        "fields": {
            "start": 412, 
            "end": 1038, 
            "name": "307"
        }
    }, 
    {
        "pk": 162, 
        "model": "rost.route", 
        "fields": {
            "start": 648, 
            "end": 555, 
            "name": "307A"
        }
    }, 
    {
        "pk": 163, 
        "model": "rost.route", 
        "fields": {
            "start": 27, 
            "end": 409, 
            "name": "309"
        }
    }, 
    {
        "pk": 164, 
        "model": "rost.route", 
        "fields": {
            "start": 332, 
            "end": 382, 
            "name": "310"
        }
    }, 
    {
        "pk": 165, 
        "model": "rost.route", 
        "fields": {
            "start": 1072, 
            "end": 332, 
            "name": "313"
        }
    }, 
    {
        "pk": 166, 
        "model": "rost.route", 
        "fields": {
            "start": 973, 
            "end": 946, 
            "name": "317"
        }
    }, 
    {
        "pk": 167, 
        "model": "rost.route", 
        "fields": {
            "start": 946, 
            "end": 681, 
            "name": "319"
        }
    }, 
    {
        "pk": 168, 
        "model": "rost.route", 
        "fields": {
            "start": 440, 
            "end": 946, 
            "name": "320"
        }
    }, 
    {
        "pk": 169, 
        "model": "rost.route", 
        "fields": {
            "start": 1056, 
            "end": 472, 
            "name": "326"
        }
    }, 
    {
        "pk": 170, 
        "model": "rost.route", 
        "fields": {
            "start": 774, 
            "end": 552, 
            "name": "327"
        }
    }, 
    {
        "pk": 171, 
        "model": "rost.route", 
        "fields": {
            "start": 973, 
            "end": 614, 
            "name": "331"
        }
    }, 
    {
        "pk": 172, 
        "model": "rost.route", 
        "fields": {
            "start": 356, 
            "end": 28, 
            "name": "333"
        }
    }, 
    {
        "pk": 173, 
        "model": "rost.route", 
        "fields": {
            "start": 298, 
            "end": 615, 
            "name": "335"
        }
    }, 
    {
        "pk": 174, 
        "model": "rost.route", 
        "fields": {
            "start": 1059, 
            "end": 1072, 
            "name": "336"
        }
    }, 
    {
        "pk": 175, 
        "model": "rost.route", 
        "fields": {
            "start": 1059, 
            "end": 1073, 
            "name": "336A"
        }
    }, 
    {
        "pk": 176, 
        "model": "rost.route", 
        "fields": {
            "start": 440, 
            "end": 615, 
            "name": "340"
        }
    }, 
    {
        "pk": 177, 
        "model": "rost.route", 
        "fields": {
            "start": 28, 
            "end": 312, 
            "name": "341"
        }
    }, 
    {
        "pk": 178, 
        "model": "rost.route", 
        "fields": {
            "start": 440, 
            "end": 1005, 
            "name": "342"
        }
    }, 
    {
        "pk": 179, 
        "model": "rost.route", 
        "fields": {
            "start": 298, 
            "end": 409, 
            "name": "344"
        }
    }, 
    {
        "pk": 180, 
        "model": "rost.route", 
        "fields": {
            "start": 338, 
            "end": 683, 
            "name": "347"
        }
    }, 
    {
        "pk": 181, 
        "model": "rost.route", 
        "fields": {
            "start": 340, 
            "end": 556, 
            "name": "348"
        }
    }, 
    {
        "pk": 182, 
        "model": "rost.route", 
        "fields": {
            "start": 440, 
            "end": 556, 
            "name": "349"
        }
    }, 
    {
        "pk": 183, 
        "model": "rost.route", 
        "fields": {
            "start": 27, 
            "end": 615, 
            "name": "350"
        }
    }, 
    {
        "pk": 184, 
        "model": "rost.route", 
        "fields": {
            "start": 27, 
            "end": 242, 
            "name": "351"
        }
    }, 
    {
        "pk": 185, 
        "model": "rost.route", 
        "fields": {
            "start": 1078, 
            "end": 472, 
            "name": "352"
        }
    }, 
    {
        "pk": 186, 
        "model": "rost.route", 
        "fields": {
            "start": 27, 
            "end": 682, 
            "name": "355"
        }
    }, 
    {
        "pk": 187, 
        "model": "rost.route", 
        "fields": {
            "start": 648, 
            "end": 691, 
            "name": "355A"
        }
    }, 
    {
        "pk": 188, 
        "model": "rost.route", 
        "fields": {
            "start": 647, 
            "end": 696, 
            "name": "355B"
        }
    }, 
    {
        "pk": 189, 
        "model": "rost.route", 
        "fields": {
            "start": 433, 
            "end": 653, 
            "name": "358"
        }
    }, 
    {
        "pk": 190, 
        "model": "rost.route", 
        "fields": {
            "start": 340, 
            "end": 1061, 
            "name": "362"
        }
    }, 
    {
        "pk": 191, 
        "model": "rost.route", 
        "fields": {
            "start": 483, 
            "end": 409, 
            "name": "364"
        }
    }, 
    {
        "pk": 192, 
        "model": "rost.route", 
        "fields": {
            "start": 644, 
            "end": 615, 
            "name": "374"
        }
    }, 
    {
        "pk": 193, 
        "model": "rost.route", 
        "fields": {
            "start": 644, 
            "end": 193, 
            "name": "375"
        }
    }, 
    {
        "pk": 194, 
        "model": "rost.route", 
        "fields": {
            "start": 440, 
            "end": 556, 
            "name": "378"
        }
    }, 
    {
        "pk": 195, 
        "model": "rost.route", 
        "fields": {
            "start": 36, 
            "end": 1038, 
            "name": "384"
        }
    }, 
    {
        "pk": 196, 
        "model": "rost.route", 
        "fields": {
            "start": 440, 
            "end": 553, 
            "name": "390"
        }
    }, 
    {
        "pk": 197, 
        "model": "rost.route", 
        "fields": {
            "start": 440, 
            "end": 409, 
            "name": "391"
        }
    }, 
    {
        "pk": 198, 
        "model": "rost.route", 
        "fields": {
            "start": 550, 
            "end": 696, 
            "name": "392"
        }
    }, 
    {
        "pk": 199, 
        "model": "rost.route", 
        "fields": {
            "start": 327, 
            "end": 357, 
            "name": "392B"
        }
    }, 
    {
        "pk": 200, 
        "model": "rost.route", 
        "fields": {
            "start": 188, 
            "end": 556, 
            "name": "398EXP"
        }
    }, 
    {
        "pk": 201, 
        "model": "rost.route", 
        "fields": {
            "start": 563, 
            "end": 708, 
            "name": "400"
        }
    }, 
    {
        "pk": 202, 
        "model": "rost.route", 
        "fields": {
            "start": 51, 
            "end": 708, 
            "name": "402"
        }
    }, 
    {
        "pk": 203, 
        "model": "rost.route", 
        "fields": {
            "start": 710, 
            "end": 708, 
            "name": "403"
        }
    }, 
    {
        "pk": 204, 
        "model": "rost.route", 
        "fields": {
            "start": 710, 
            "end": 499, 
            "name": "404"
        }
    }, 
    {
        "pk": 205, 
        "model": "rost.route", 
        "fields": {
            "start": 710, 
            "end": 500, 
            "name": "404 Extn."
        }
    }, 
    {
        "pk": 206, 
        "model": "rost.route", 
        "fields": {
            "start": 340, 
            "end": 62, 
            "name": "405"
        }
    }, 
    {
        "pk": 207, 
        "model": "rost.route", 
        "fields": {
            "start": 710, 
            "end": 62, 
            "name": "405A"
        }
    }, 
    {
        "pk": 208, 
        "model": "rost.route", 
        "fields": {
            "start": 800, 
            "end": 663, 
            "name": "408"
        }
    }, 
    {
        "pk": 209, 
        "model": "rost.route", 
        "fields": {
            "start": 710, 
            "end": 576, 
            "name": "409"
        }
    }, 
    {
        "pk": 210, 
        "model": "rost.route", 
        "fields": {
            "start": 462, 
            "end": 360, 
            "name": "410"
        }
    }, 
    {
        "pk": 211, 
        "model": "rost.route", 
        "fields": {
            "start": 340, 
            "end": 20, 
            "name": "411"
        }
    }, 
    {
        "pk": 212, 
        "model": "rost.route", 
        "fields": {
            "start": 714, 
            "end": 558, 
            "name": "413"
        }
    }, 
    {
        "pk": 213, 
        "model": "rost.route", 
        "fields": {
            "start": 714, 
            "end": 62, 
            "name": "414"
        }
    }, 
    {
        "pk": 214, 
        "model": "rost.route", 
        "fields": {
            "start": 360, 
            "end": 359, 
            "name": "415"
        }
    }, 
    {
        "pk": 215, 
        "model": "rost.route", 
        "fields": {
            "start": 360, 
            "end": 20, 
            "name": "416"
        }
    }, 
    {
        "pk": 216, 
        "model": "rost.route", 
        "fields": {
            "start": 710, 
            "end": 20, 
            "name": "419"
        }
    }, 
    {
        "pk": 217, 
        "model": "rost.route", 
        "fields": {
            "start": 338, 
            "end": 62, 
            "name": "422"
        }
    }, 
    {
        "pk": 218, 
        "model": "rost.route", 
        "fields": {
            "start": 340, 
            "end": 20, 
            "name": "423"
        }
    }, 
    {
        "pk": 219, 
        "model": "rost.route", 
        "fields": {
            "start": 340, 
            "end": 184, 
            "name": "423A"
        }
    }, 
    {
        "pk": 220, 
        "model": "rost.route", 
        "fields": {
            "start": 710, 
            "end": 283, 
            "name": "425"
        }
    }, 
    {
        "pk": 221, 
        "model": "rost.route", 
        "fields": {
            "start": 663, 
            "end": 558, 
            "name": "427"
        }
    }, 
    {
        "pk": 222, 
        "model": "rost.route", 
        "fields": {
            "start": 710, 
            "end": 407, 
            "name": "429"
        }
    }, 
    {
        "pk": 223, 
        "model": "rost.route", 
        "fields": {
            "start": 440, 
            "end": 62, 
            "name": "430"
        }
    }, 
    {
        "pk": 224, 
        "model": "rost.route", 
        "fields": {
            "start": 648, 
            "end": 62, 
            "name": "433"
        }
    }, 
    {
        "pk": 225, 
        "model": "rost.route", 
        "fields": {
            "start": 648, 
            "end": 1019, 
            "name": "435"
        }
    }, 
    {
        "pk": 226, 
        "model": "rost.route", 
        "fields": {
            "start": 710, 
            "end": 369, 
            "name": "436"
        }
    }, 
    {
        "pk": 227, 
        "model": "rost.route", 
        "fields": {
            "start": 710, 
            "end": 359, 
            "name": "438"
        }
    }, 
    {
        "pk": 228, 
        "model": "rost.route", 
        "fields": {
            "start": 340, 
            "end": 62, 
            "name": "439"
        }
    }, 
    {
        "pk": 229, 
        "model": "rost.route", 
        "fields": {
            "start": 648, 
            "end": 20, 
            "name": "440"
        }
    }, 
    {
        "pk": 230, 
        "model": "rost.route", 
        "fields": {
            "start": 648, 
            "end": 62, 
            "name": "440A"
        }
    }, 
    {
        "pk": 231, 
        "model": "rost.route", 
        "fields": {
            "start": 51, 
            "end": 644, 
            "name": "442"
        }
    }, 
    {
        "pk": 232, 
        "model": "rost.route", 
        "fields": {
            "start": 946, 
            "end": 62, 
            "name": "443"
        }
    }, 
    {
        "pk": 233, 
        "model": "rost.route", 
        "fields": {
            "start": 648, 
            "end": 407, 
            "name": "445"
        }
    }, 
    {
        "pk": 234, 
        "model": "rost.route", 
        "fields": {
            "start": 109, 
            "end": 19, 
            "name": "447"
        }
    }, 
    {
        "pk": 235, 
        "model": "rost.route", 
        "fields": {
            "start": 774, 
            "end": 283, 
            "name": "448"
        }
    }, 
    {
        "pk": 236, 
        "model": "rost.route", 
        "fields": {
            "start": 1080, 
            "end": 283, 
            "name": "448A"
        }
    }, 
    {
        "pk": 237, 
        "model": "rost.route", 
        "fields": {
            "start": 710, 
            "end": 19, 
            "name": "449"
        }
    }, 
    {
        "pk": 238, 
        "model": "rost.route", 
        "fields": {
            "start": 27, 
            "end": 360, 
            "name": "450"
        }
    }, 
    {
        "pk": 239, 
        "model": "rost.route", 
        "fields": {
            "start": 368, 
            "end": 359, 
            "name": "451"
        }
    }, 
    {
        "pk": 240, 
        "model": "rost.route", 
        "fields": {
            "start": 648, 
            "end": 399, 
            "name": "453"
        }
    }, 
    {
        "pk": 241, 
        "model": "rost.route", 
        "fields": {
            "start": 648, 
            "end": 400, 
            "name": "454"
        }
    }, 
    {
        "pk": 242, 
        "model": "rost.route", 
        "fields": {
            "start": 340, 
            "end": 359, 
            "name": "455"
        }
    }, 
    {
        "pk": 243, 
        "model": "rost.route", 
        "fields": {
            "start": 648, 
            "end": 576, 
            "name": "457"
        }
    }, 
    {
        "pk": 244, 
        "model": "rost.route", 
        "fields": {
            "start": 648, 
            "end": 500, 
            "name": "458"
        }
    }, 
    {
        "pk": 245, 
        "model": "rost.route", 
        "fields": {
            "start": 563, 
            "end": 62, 
            "name": "460"
        }
    }, 
    {
        "pk": 246, 
        "model": "rost.route", 
        "fields": {
            "start": 706, 
            "end": 558, 
            "name": "463"
        }
    }, 
    {
        "pk": 247, 
        "model": "rost.route", 
        "fields": {
            "start": 881, 
            "end": 500, 
            "name": "465"
        }
    }, 
    {
        "pk": 248, 
        "model": "rost.route", 
        "fields": {
            "start": 881, 
            "end": 921, 
            "name": "465 Extn."
        }
    }, 
    {
        "pk": 249, 
        "model": "rost.route", 
        "fields": {
            "start": 648, 
            "end": 247, 
            "name": "467"
        }
    }, 
    {
        "pk": 250, 
        "model": "rost.route", 
        "fields": {
            "start": 28, 
            "end": 20, 
            "name": "469"
        }
    }, 
    {
        "pk": 251, 
        "model": "rost.route", 
        "fields": {
            "start": 28, 
            "end": 62, 
            "name": "473"
        }
    }, 
    {
        "pk": 252, 
        "model": "rost.route", 
        "fields": {
            "start": 28, 
            "end": 283, 
            "name": "473A"
        }
    }, 
    {
        "pk": 253, 
        "model": "rost.route", 
        "fields": {
            "start": 28, 
            "end": 565, 
            "name": "473 Extn."
        }
    }, 
    {
        "pk": 254, 
        "model": "rost.route", 
        "fields": {
            "start": 881, 
            "end": 566, 
            "name": "474"
        }
    }, 
    {
        "pk": 255, 
        "model": "rost.route", 
        "fields": {
            "start": 774, 
            "end": 62, 
            "name": "479"
        }
    }, 
    {
        "pk": 256, 
        "model": "rost.route", 
        "fields": {
            "start": 440, 
            "end": 407, 
            "name": "480"
        }
    }, 
    {
        "pk": 257, 
        "model": "rost.route", 
        "fields": {
            "start": 652, 
            "end": 407, 
            "name": "490"
        }
    }, 
    {
        "pk": 258, 
        "model": "rost.route", 
        "fields": {
            "start": 644, 
            "end": 666, 
            "name": "491"
        }
    }, 
    {
        "pk": 259, 
        "model": "rost.route", 
        "fields": {
            "start": 644, 
            "end": 696, 
            "name": "492"
        }
    }, 
    {
        "pk": 260, 
        "model": "rost.route", 
        "fields": {
            "start": 559, 
            "end": 556, 
            "name": "493"
        }
    }, 
    {
        "pk": 261, 
        "model": "rost.route", 
        "fields": {
            "start": 648, 
            "end": 899, 
            "name": "500"
        }
    }, 
    {
        "pk": 262, 
        "model": "rost.route", 
        "fields": {
            "start": 644, 
            "end": 900, 
            "name": "501"
        }
    }, 
    {
        "pk": 263, 
        "model": "rost.route", 
        "fields": {
            "start": 710, 
            "end": 558, 
            "name": "502"
        }
    }, 
    {
        "pk": 264, 
        "model": "rost.route", 
        "fields": {
            "start": 340, 
            "end": 525, 
            "name": "503"
        }
    }, 
    {
        "pk": 265, 
        "model": "rost.route", 
        "fields": {
            "start": 412, 
            "end": 558, 
            "name": "505"
        }
    }, 
    {
        "pk": 266, 
        "model": "rost.route", 
        "fields": {
            "start": 881, 
            "end": 383, 
            "name": "506"
        }
    }, 
    {
        "pk": 267, 
        "model": "rost.route", 
        "fields": {
            "start": 188, 
            "end": 708, 
            "name": "507"
        }
    }, 
    {
        "pk": 268, 
        "model": "rost.route", 
        "fields": {
            "start": 757, 
            "end": 705, 
            "name": "507 Extn."
        }
    }, 
    {
        "pk": 269, 
        "model": "rost.route", 
        "fields": {
            "start": 115, 
            "end": 800, 
            "name": "508"
        }
    }, 
    {
        "pk": 270, 
        "model": "rost.route", 
        "fields": {
            "start": 881, 
            "end": 518, 
            "name": "509"
        }
    }, 
    {
        "pk": 271, 
        "model": "rost.route", 
        "fields": {
            "start": 62, 
            "end": 188, 
            "name": "511"
        }
    }, 
    {
        "pk": 272, 
        "model": "rost.route", 
        "fields": {
            "start": 62, 
            "end": 188, 
            "name": "511A"
        }
    }, 
    {
        "pk": 273, 
        "model": "rost.route", 
        "fields": {
            "start": 62, 
            "end": 525, 
            "name": "511 Extn."
        }
    }, 
    {
        "pk": 274, 
        "model": "rost.route", 
        "fields": {
            "start": 787, 
            "end": 18, 
            "name": "512"
        }
    }, 
    {
        "pk": 275, 
        "model": "rost.route", 
        "fields": {
            "start": 885, 
            "end": 408, 
            "name": "514"
        }
    }, 
    {
        "pk": 276, 
        "model": "rost.route", 
        "fields": {
            "start": 881, 
            "end": 182, 
            "name": "516"
        }
    }, 
    {
        "pk": 277, 
        "model": "rost.route", 
        "fields": {
            "start": 881, 
            "end": 49, 
            "name": "517"
        }
    }, 
    {
        "pk": 278, 
        "model": "rost.route", 
        "fields": {
            "start": 663, 
            "end": 1050, 
            "name": "518"
        }
    }, 
    {
        "pk": 279, 
        "model": "rost.route", 
        "fields": {
            "start": 881, 
            "end": 531, 
            "name": "519"
        }
    }, 
    {
        "pk": 280, 
        "model": "rost.route", 
        "fields": {
            "start": 1003, 
            "end": 525, 
            "name": "520"
        }
    }, 
    {
        "pk": 281, 
        "model": "rost.route", 
        "fields": {
            "start": 429, 
            "end": 18, 
            "name": "521"
        }
    }, 
    {
        "pk": 282, 
        "model": "rost.route", 
        "fields": {
            "start": 332, 
            "end": 283, 
            "name": "522A"
        }
    }, 
    {
        "pk": 283, 
        "model": "rost.route", 
        "fields": {
            "start": 20, 
            "end": 333, 
            "name": "522"
        }
    }, 
    {
        "pk": 284, 
        "model": "rost.route", 
        "fields": {
            "start": 648, 
            "end": 283, 
            "name": "522SPL"
        }
    }, 
    {
        "pk": 285, 
        "model": "rost.route", 
        "fields": {
            "start": 188, 
            "end": 115, 
            "name": "523"
        }
    }, 
    {
        "pk": 286, 
        "model": "rost.route", 
        "fields": {
            "start": 62, 
            "end": 49, 
            "name": "525"
        }
    }, 
    {
        "pk": 287, 
        "model": "rost.route", 
        "fields": {
            "start": 644, 
            "end": 622, 
            "name": "529"
        }
    }, 
    {
        "pk": 288, 
        "model": "rost.route", 
        "fields": {
            "start": 644, 
            "end": 802, 
            "name": "529 Extn."
        }
    }, 
    {
        "pk": 289, 
        "model": "rost.route", 
        "fields": {
            "start": 340, 
            "end": 558, 
            "name": "533"
        }
    }, 
    {
        "pk": 290, 
        "model": "rost.route", 
        "fields": {
            "start": 28, 
            "end": 558, 
            "name": "534"
        }
    }, 
    {
        "pk": 291, 
        "model": "rost.route", 
        "fields": {
            "start": 28, 
            "end": 327, 
            "name": "534A"
        }
    }, 
    {
        "pk": 292, 
        "model": "rost.route", 
        "fields": {
            "start": 787, 
            "end": 146, 
            "name": "536"
        }
    }, 
    {
        "pk": 293, 
        "model": "rost.route", 
        "fields": {
            "start": 558, 
            "end": 620, 
            "name": "539"
        }
    }, 
    {
        "pk": 294, 
        "model": "rost.route", 
        "fields": {
            "start": 440, 
            "end": 1019, 
            "name": "540"
        }
    }, 
    {
        "pk": 295, 
        "model": "rost.route", 
        "fields": {
            "start": 653, 
            "end": 298, 
            "name": "542"
        }
    }, 
    {
        "pk": 296, 
        "model": "rost.route", 
        "fields": {
            "start": 28, 
            "end": 881, 
            "name": "543"
        }
    }, 
    {
        "pk": 297, 
        "model": "rost.route", 
        "fields": {
            "start": 28, 
            "end": 424, 
            "name": "543A"
        }
    }, 
    {
        "pk": 298, 
        "model": "rost.route", 
        "fields": {
            "start": 28, 
            "end": 328, 
            "name": "543B"
        }
    }, 
    {
        "pk": 299, 
        "model": "rost.route", 
        "fields": {
            "start": 28, 
            "end": 266, 
            "name": "543 Extn."
        }
    }, 
    {
        "pk": 300, 
        "model": "rost.route", 
        "fields": {
            "start": 787, 
            "end": 62, 
            "name": "544"
        }
    }, 
    {
        "pk": 301, 
        "model": "rost.route", 
        "fields": {
            "start": 787, 
            "end": 644, 
            "name": "544A"
        }
    }, 
    {
        "pk": 302, 
        "model": "rost.route", 
        "fields": {
            "start": 115, 
            "end": 1050, 
            "name": "545"
        }
    }, 
    {
        "pk": 303, 
        "model": "rost.route", 
        "fields": {
            "start": 563, 
            "end": 1042, 
            "name": "548"
        }
    }, 
    {
        "pk": 304, 
        "model": "rost.route", 
        "fields": {
            "start": 115, 
            "end": 429, 
            "name": "558"
        }
    }, 
    {
        "pk": 305, 
        "model": "rost.route", 
        "fields": {
            "start": 917, 
            "end": 620, 
            "name": "567"
        }
    }, 
    {
        "pk": 306, 
        "model": "rost.route", 
        "fields": {
            "start": 644, 
            "end": 596, 
            "name": "567A"
        }
    }, 
    {
        "pk": 307, 
        "model": "rost.route", 
        "fields": {
            "start": 881, 
            "end": 543, 
            "name": "568"
        }
    }, 
    {
        "pk": 308, 
        "model": "rost.route", 
        "fields": {
            "start": 644, 
            "end": 543, 
            "name": "568A"
        }
    }, 
    {
        "pk": 309, 
        "model": "rost.route", 
        "fields": {
            "start": 881, 
            "end": 993, 
            "name": "569"
        }
    }, 
    {
        "pk": 310, 
        "model": "rost.route", 
        "fields": {
            "start": 881, 
            "end": 329, 
            "name": "569 Extn."
        }
    }, 
    {
        "pk": 311, 
        "model": "rost.route", 
        "fields": {
            "start": 881, 
            "end": 766, 
            "name": "569A"
        }
    }, 
    {
        "pk": 312, 
        "model": "rost.route", 
        "fields": {
            "start": 881, 
            "end": 329, 
            "name": "569B"
        }
    }, 
    {
        "pk": 313, 
        "model": "rost.route", 
        "fields": {
            "start": 881, 
            "end": 329, 
            "name": "569C"
        }
    }, 
    {
        "pk": 314, 
        "model": "rost.route", 
        "fields": {
            "start": 881, 
            "end": 602, 
            "name": "578"
        }
    }, 
    {
        "pk": 315, 
        "model": "rost.route", 
        "fields": {
            "start": 440, 
            "end": 19, 
            "name": "580"
        }
    }, 
    {
        "pk": 316, 
        "model": "rost.route", 
        "fields": {
            "start": 440, 
            "end": 283, 
            "name": "581"
        }
    }, 
    {
        "pk": 317, 
        "model": "rost.route", 
        "fields": {
            "start": 346, 
            "end": 1050, 
            "name": "588"
        }
    }, 
    {
        "pk": 318, 
        "model": "rost.route", 
        "fields": {
            "start": 973, 
            "end": 149, 
            "name": "590"
        }
    }, 
    {
        "pk": 319, 
        "model": "rost.route", 
        "fields": {
            "start": 787, 
            "end": 855, 
            "name": "601"
        }
    }, 
    {
        "pk": 320, 
        "model": "rost.route", 
        "fields": {
            "start": 56, 
            "end": 1055, 
            "name": "602"
        }
    }, 
    {
        "pk": 321, 
        "model": "rost.route", 
        "fields": {
            "start": 648, 
            "end": 148, 
            "name": "604"
        }
    }, 
    {
        "pk": 322, 
        "model": "rost.route", 
        "fields": {
            "start": 340, 
            "end": 1055, 
            "name": "605"
        }
    }, 
    {
        "pk": 323, 
        "model": "rost.route", 
        "fields": {
            "start": 1079, 
            "end": 787, 
            "name": "610"
        }
    }, 
    {
        "pk": 324, 
        "model": "rost.route", 
        "fields": {
            "start": 27, 
            "end": 787, 
            "name": "610A"
        }
    }, 
    {
        "pk": 325, 
        "model": "rost.route", 
        "fields": {
            "start": 556, 
            "end": 188, 
            "name": "611"
        }
    }, 
    {
        "pk": 326, 
        "model": "rost.route", 
        "fields": {
            "start": 555, 
            "end": 988, 
            "name": "611A"
        }
    }, 
    {
        "pk": 327, 
        "model": "rost.route", 
        "fields": {
            "start": 563, 
            "end": 757, 
            "name": "615"
        }
    }, 
    {
        "pk": 328, 
        "model": "rost.route", 
        "fields": {
            "start": 563, 
            "end": 757, 
            "name": "615A"
        }
    }, 
    {
        "pk": 329, 
        "model": "rost.route", 
        "fields": {
            "start": 973, 
            "end": 298, 
            "name": "620"
        }
    }, 
    {
        "pk": 330, 
        "model": "rost.route", 
        "fields": {
            "start": 563, 
            "end": 757, 
            "name": "621"
        }
    }, 
    {
        "pk": 331, 
        "model": "rost.route", 
        "fields": {
            "start": 648, 
            "end": 472, 
            "name": "622"
        }
    }, 
    {
        "pk": 332, 
        "model": "rost.route", 
        "fields": {
            "start": 946, 
            "end": 133, 
            "name": "623"
        }
    }, 
    {
        "pk": 333, 
        "model": "rost.route", 
        "fields": {
            "start": 28, 
            "end": 133, 
            "name": "623A"
        }
    }, 
    {
        "pk": 334, 
        "model": "rost.route", 
        "fields": {
            "start": 946, 
            "end": 1055, 
            "name": "623B"
        }
    }, 
    {
        "pk": 335, 
        "model": "rost.route", 
        "fields": {
            "start": 558, 
            "end": 462, 
            "name": "629"
        }
    }, 
    {
        "pk": 336, 
        "model": "rost.route", 
        "fields": {
            "start": 787, 
            "end": 780, 
            "name": "629STL"
        }
    }, 
    {
        "pk": 337, 
        "model": "rost.route", 
        "fields": {
            "start": 440, 
            "end": 1684, 
            "name": "630"
        }
    }, 
    {
        "pk": 338, 
        "model": "rost.route", 
        "fields": {
            "start": 787, 
            "end": 282, 
            "name": "631"
        }
    }, 
    {
        "pk": 339, 
        "model": "rost.route", 
        "fields": {
            "start": 340, 
            "end": 1684, 
            "name": "632"
        }
    }, 
    {
        "pk": 340, 
        "model": "rost.route", 
        "fields": {
            "start": 440, 
            "end": 18, 
            "name": "680"
        }
    }, 
    {
        "pk": 341, 
        "model": "rost.route", 
        "fields": {
            "start": 289, 
            "end": 283, 
            "name": "680 Extn."
        }
    }, 
    {
        "pk": 342, 
        "model": "rost.route", 
        "fields": {
            "start": 626, 
            "end": 602, 
            "name": "701"
        }
    }, 
    {
        "pk": 343, 
        "model": "rost.route", 
        "fields": {
            "start": 981, 
            "end": 784, 
            "name": "701A"
        }
    }, 
    {
        "pk": 344, 
        "model": "rost.route", 
        "fields": {
            "start": 1072, 
            "end": 362, 
            "name": "704"
        }
    }, 
    {
        "pk": 345, 
        "model": "rost.route", 
        "fields": {
            "start": 340, 
            "end": 814, 
            "name": "706"
        }
    }, 
    {
        "pk": 346, 
        "model": "rost.route", 
        "fields": {
            "start": 630, 
            "end": 603, 
            "name": "707"
        }
    }, 
    {
        "pk": 347, 
        "model": "rost.route", 
        "fields": {
            "start": 626, 
            "end": 602, 
            "name": "708"
        }
    }, 
    {
        "pk": 348, 
        "model": "rost.route", 
        "fields": {
            "start": 487, 
            "end": 744, 
            "name": "708A"
        }
    }, 
    {
        "pk": 349, 
        "model": "rost.route", 
        "fields": {
            "start": 1050, 
            "end": 917, 
            "name": "711"
        }
    }, 
    {
        "pk": 350, 
        "model": "rost.route", 
        "fields": {
            "start": 1050, 
            "end": 917, 
            "name": "711A"
        }
    }, 
    {
        "pk": 351, 
        "model": "rost.route", 
        "fields": {
            "start": 62, 
            "end": 814, 
            "name": "714"
        }
    }, 
    {
        "pk": 352, 
        "model": "rost.route", 
        "fields": {
            "start": 503, 
            "end": 558, 
            "name": "715"
        }
    }, 
    {
        "pk": 353, 
        "model": "rost.route", 
        "fields": {
            "start": 973, 
            "end": 189, 
            "name": "716"
        }
    }, 
    {
        "pk": 354, 
        "model": "rost.route", 
        "fields": {
            "start": 62, 
            "end": 949, 
            "name": "717 (Up)"
        }
    }, 
    {
        "pk": 355, 
        "model": "rost.route", 
        "fields": {
            "start": 62, 
            "end": 949, 
            "name": "717 (Down)"
        }
    }, 
    {
        "pk": 356, 
        "model": "rost.route", 
        "fields": {
            "start": 62, 
            "end": 424, 
            "name": "717A (Up)"
        }
    }, 
    {
        "pk": 357, 
        "model": "rost.route", 
        "fields": {
            "start": 62, 
            "end": 424, 
            "name": "717A (Down)"
        }
    }, 
    {
        "pk": 358, 
        "model": "rost.route", 
        "fields": {
            "start": 62, 
            "end": 327, 
            "name": "717B"
        }
    }, 
    {
        "pk": 359, 
        "model": "rost.route", 
        "fields": {
            "start": 1050, 
            "end": 424, 
            "name": "718"
        }
    }, 
    {
        "pk": 360, 
        "model": "rost.route", 
        "fields": {
            "start": 346, 
            "end": 736, 
            "name": "719 (Up)"
        }
    }, 
    {
        "pk": 361, 
        "model": "rost.route", 
        "fields": {
            "start": 346, 
            "end": 736, 
            "name": "719 (Down)"
        }
    }, 
    {
        "pk": 362, 
        "model": "rost.route", 
        "fields": {
            "start": 946, 
            "end": 362, 
            "name": "720"
        }
    }, 
    {
        "pk": 363, 
        "model": "rost.route", 
        "fields": {
            "start": 338, 
            "end": 538, 
            "name": "721"
        }
    }, 
    {
        "pk": 364, 
        "model": "rost.route", 
        "fields": {
            "start": 22, 
            "end": 68, 
            "name": "722 (Up)"
        }
    }, 
    {
        "pk": 365, 
        "model": "rost.route", 
        "fields": {
            "start": 22, 
            "end": 68, 
            "name": "722 (Down)"
        }
    }, 
    {
        "pk": 366, 
        "model": "rost.route", 
        "fields": {
            "start": 1050, 
            "end": 644, 
            "name": "724"
        }
    }, 
    {
        "pk": 367, 
        "model": "rost.route", 
        "fields": {
            "start": 1050, 
            "end": 62, 
            "name": "724A"
        }
    }, 
    {
        "pk": 368, 
        "model": "rost.route", 
        "fields": {
            "start": 1050, 
            "end": 62, 
            "name": "724B"
        }
    }, 
    {
        "pk": 369, 
        "model": "rost.route", 
        "fields": {
            "start": 1050, 
            "end": 407, 
            "name": "724C"
        }
    }, 
    {
        "pk": 370, 
        "model": "rost.route", 
        "fields": {
            "start": 558, 
            "end": 550, 
            "name": "725"
        }
    }, 
    {
        "pk": 371, 
        "model": "rost.route", 
        "fields": {
            "start": 338, 
            "end": 366, 
            "name": "726"
        }
    }, 
    {
        "pk": 372, 
        "model": "rost.route", 
        "fields": {
            "start": 346, 
            "end": 205, 
            "name": "727"
        }
    }, 
    {
        "pk": 373, 
        "model": "rost.route", 
        "fields": {
            "start": 340, 
            "end": 424, 
            "name": "729"
        }
    }, 
    {
        "pk": 374, 
        "model": "rost.route", 
        "fields": {
            "start": 340, 
            "end": 1090, 
            "name": "729B"
        }
    }, 
    {
        "pk": 375, 
        "model": "rost.route", 
        "fields": {
            "start": 28, 
            "end": 1050, 
            "name": "740"
        }
    }, 
    {
        "pk": 376, 
        "model": "rost.route", 
        "fields": {
            "start": 28, 
            "end": 537, 
            "name": "740A"
        }
    }, 
    {
        "pk": 377, 
        "model": "rost.route", 
        "fields": {
            "start": 28, 
            "end": 1050, 
            "name": "740 Extn."
        }
    }, 
    {
        "pk": 378, 
        "model": "rost.route", 
        "fields": {
            "start": 537, 
            "end": 394, 
            "name": "741"
        }
    }, 
    {
        "pk": 379, 
        "model": "rost.route", 
        "fields": {
            "start": 1050, 
            "end": 436, 
            "name": "741A"
        }
    }, 
    {
        "pk": 380, 
        "model": "rost.route", 
        "fields": {
            "start": 346, 
            "end": 170, 
            "name": "735"
        }
    }, 
    {
        "pk": 381, 
        "model": "rost.route", 
        "fields": {
            "start": 340, 
            "end": 1050, 
            "name": "753"
        }
    }, 
    {
        "pk": 382, 
        "model": "rost.route", 
        "fields": {
            "start": 56, 
            "end": 711, 
            "name": "760"
        }
    }, 
    {
        "pk": 383, 
        "model": "rost.route", 
        "fields": {
            "start": 537, 
            "end": 51, 
            "name": "761"
        }
    }, 
    {
        "pk": 384, 
        "model": "rost.route", 
        "fields": {
            "start": 602, 
            "end": 644, 
            "name": "764"
        }
    }, 
    {
        "pk": 385, 
        "model": "rost.route", 
        "fields": {
            "start": 80, 
            "end": 298, 
            "name": "765"
        }
    }, 
    {
        "pk": 386, 
        "model": "rost.route", 
        "fields": {
            "start": 21, 
            "end": 725, 
            "name": "770"
        }
    }, 
    {
        "pk": 387, 
        "model": "rost.route", 
        "fields": {
            "start": 710, 
            "end": 503, 
            "name": "770A"
        }
    }, 
    {
        "pk": 388, 
        "model": "rost.route", 
        "fields": {
            "start": 21, 
            "end": 100, 
            "name": "773"
        }
    }, 
    {
        "pk": 389, 
        "model": "rost.route", 
        "fields": {
            "start": 433, 
            "end": 117, 
            "name": "775"
        }
    }, 
    {
        "pk": 390, 
        "model": "rost.route", 
        "fields": {
            "start": 331, 
            "end": 503, 
            "name": "778"
        }
    }, 
    {
        "pk": 391, 
        "model": "rost.route", 
        "fields": {
            "start": 331, 
            "end": 207, 
            "name": "778A"
        }
    }, 
    {
        "pk": 392, 
        "model": "rost.route", 
        "fields": {
            "start": 648, 
            "end": 211, 
            "name": "781"
        }
    }, 
    {
        "pk": 393, 
        "model": "rost.route", 
        "fields": {
            "start": 180, 
            "end": 602, 
            "name": "783"
        }
    }, 
    {
        "pk": 394, 
        "model": "rost.route", 
        "fields": {
            "start": 22, 
            "end": 602, 
            "name": "790"
        }
    }, 
    {
        "pk": 395, 
        "model": "rost.route", 
        "fields": {
            "start": 340, 
            "end": 100, 
            "name": "792"
        }
    }, 
    {
        "pk": 396, 
        "model": "rost.route", 
        "fields": {
            "start": 663, 
            "end": 537, 
            "name": "794"
        }
    }, 
    {
        "pk": 397, 
        "model": "rost.route", 
        "fields": {
            "start": 331, 
            "end": 424, 
            "name": "801"
        }
    }, 
    {
        "pk": 398, 
        "model": "rost.route", 
        "fields": {
            "start": 331, 
            "end": 424, 
            "name": "801A"
        }
    }, 
    {
        "pk": 399, 
        "model": "rost.route", 
        "fields": {
            "start": 356, 
            "end": 424, 
            "name": "804"
        }
    }, 
    {
        "pk": 400, 
        "model": "rost.route", 
        "fields": {
            "start": 1026, 
            "end": 543, 
            "name": "808"
        }
    }, 
    {
        "pk": 401, 
        "model": "rost.route", 
        "fields": {
            "start": 1026, 
            "end": 641, 
            "name": "809"
        }
    }, 
    {
        "pk": 402, 
        "model": "rost.route", 
        "fields": {
            "start": 440, 
            "end": 1050, 
            "name": "810"
        }
    }, 
    {
        "pk": 403, 
        "model": "rost.route", 
        "fields": {
            "start": 710, 
            "end": 1050, 
            "name": "816"
        }
    }, 
    {
        "pk": 404, 
        "model": "rost.route", 
        "fields": {
            "start": 338, 
            "end": 602, 
            "name": "817"
        }
    }, 
    {
        "pk": 405, 
        "model": "rost.route", 
        "fields": {
            "start": 1026, 
            "end": 381, 
            "name": "818"
        }
    }, 
    {
        "pk": 406, 
        "model": "rost.route", 
        "fields": {
            "start": 1026, 
            "end": 734, 
            "name": "819"
        }
    }, 
    {
        "pk": 407, 
        "model": "rost.route", 
        "fields": {
            "start": 382, 
            "end": 988, 
            "name": "820"
        }
    }, 
    {
        "pk": 408, 
        "model": "rost.route", 
        "fields": {
            "start": 1026, 
            "end": 343, 
            "name": "822"
        }
    }, 
    {
        "pk": 409, 
        "model": "rost.route", 
        "fields": {
            "start": 437, 
            "end": 1050, 
            "name": "823"
        }
    }, 
    {
        "pk": 410, 
        "model": "rost.route", 
        "fields": {
            "start": 1026, 
            "end": 403, 
            "name": "824"
        }
    }, 
    {
        "pk": 411, 
        "model": "rost.route", 
        "fields": {
            "start": 1026, 
            "end": 376, 
            "name": "825"
        }
    }, 
    {
        "pk": 412, 
        "model": "rost.route", 
        "fields": {
            "start": 1026, 
            "end": 140, 
            "name": "826"
        }
    }, 
    {
        "pk": 413, 
        "model": "rost.route", 
        "fields": {
            "start": 1026, 
            "end": 172, 
            "name": "827"
        }
    }, 
    {
        "pk": 414, 
        "model": "rost.route", 
        "fields": {
            "start": 1026, 
            "end": 243, 
            "name": "828"
        }
    }, 
    {
        "pk": 415, 
        "model": "rost.route", 
        "fields": {
            "start": 1026, 
            "end": 969, 
            "name": "829"
        }
    }, 
    {
        "pk": 416, 
        "model": "rost.route", 
        "fields": {
            "start": 28, 
            "end": 462, 
            "name": "830 Extn."
        }
    }, 
    {
        "pk": 417, 
        "model": "rost.route", 
        "fields": {
            "start": 366, 
            "end": 331, 
            "name": "832"
        }
    }, 
    {
        "pk": 418, 
        "model": "rost.route", 
        "fields": {
            "start": 429, 
            "end": 264, 
            "name": "833"
        }
    }, 
    {
        "pk": 419, 
        "model": "rost.route", 
        "fields": {
            "start": 1026, 
            "end": 608, 
            "name": "834"
        }
    }, 
    {
        "pk": 420, 
        "model": "rost.route", 
        "fields": {
            "start": 1026, 
            "end": 186, 
            "name": "835"
        }
    }, 
    {
        "pk": 421, 
        "model": "rost.route", 
        "fields": {
            "start": 1026, 
            "end": 594, 
            "name": "836"
        }
    }, 
    {
        "pk": 422, 
        "model": "rost.route", 
        "fields": {
            "start": 361, 
            "end": 1050, 
            "name": "838"
        }
    }, 
    {
        "pk": 423, 
        "model": "rost.route", 
        "fields": {
            "start": 647, 
            "end": 510, 
            "name": "840 Extn."
        }
    }, 
    {
        "pk": 424, 
        "model": "rost.route", 
        "fields": {
            "start": 338, 
            "end": 463, 
            "name": "841"
        }
    }, 
    {
        "pk": 425, 
        "model": "rost.route", 
        "fields": {
            "start": 338, 
            "end": 800, 
            "name": "842"
        }
    }, 
    {
        "pk": 426, 
        "model": "rost.route", 
        "fields": {
            "start": 602, 
            "end": 919, 
            "name": "844"
        }
    }, 
    {
        "pk": 427, 
        "model": "rost.route", 
        "fields": {
            "start": 1026, 
            "end": 170, 
            "name": "845"
        }
    }, 
    {
        "pk": 428, 
        "model": "rost.route", 
        "fields": {
            "start": 653, 
            "end": 1050, 
            "name": "847"
        }
    }, 
    {
        "pk": 429, 
        "model": "rost.route", 
        "fields": {
            "start": 653, 
            "end": 1050, 
            "name": "847A"
        }
    }, 
    {
        "pk": 430, 
        "model": "rost.route", 
        "fields": {
            "start": 1026, 
            "end": 186, 
            "name": "848"
        }
    }, 
    {
        "pk": 431, 
        "model": "rost.route", 
        "fields": {
            "start": 180, 
            "end": 1050, 
            "name": "851"
        }
    }, 
    {
        "pk": 432, 
        "model": "rost.route", 
        "fields": {
            "start": 20, 
            "end": 1050, 
            "name": "853"
        }
    }, 
    {
        "pk": 433, 
        "model": "rost.route", 
        "fields": {
            "start": 917, 
            "end": 1050, 
            "name": "854"
        }
    }, 
    {
        "pk": 434, 
        "model": "rost.route", 
        "fields": {
            "start": 28, 
            "end": 800, 
            "name": "857"
        }
    }, 
    {
        "pk": 435, 
        "model": "rost.route", 
        "fields": {
            "start": 412, 
            "end": 817, 
            "name": "858 Extn."
        }
    }, 
    {
        "pk": 436, 
        "model": "rost.route", 
        "fields": {
            "start": 1050, 
            "end": 356, 
            "name": "861A"
        }
    }, 
    {
        "pk": 437, 
        "model": "rost.route", 
        "fields": {
            "start": 11, 
            "end": 972, 
            "name": "862"
        }
    }, 
    {
        "pk": 438, 
        "model": "rost.route", 
        "fields": {
            "start": 338, 
            "end": 390, 
            "name": "863"
        }
    }, 
    {
        "pk": 439, 
        "model": "rost.route", 
        "fields": {
            "start": 338, 
            "end": 124, 
            "name": "866"
        }
    }, 
    {
        "pk": 440, 
        "model": "rost.route", 
        "fields": {
            "start": 663, 
            "end": 1067, 
            "name": "871"
        }
    }, 
    {
        "pk": 441, 
        "model": "rost.route", 
        "fields": {
            "start": 1026, 
            "end": 1007, 
            "name": "872"
        }
    }, 
    {
        "pk": 442, 
        "model": "rost.route", 
        "fields": {
            "start": 1026, 
            "end": 1016, 
            "name": "873"
        }
    }, 
    {
        "pk": 443, 
        "model": "rost.route", 
        "fields": {
            "start": 429, 
            "end": 191, 
            "name": "876"
        }
    }, 
    {
        "pk": 444, 
        "model": "rost.route", 
        "fields": {
            "start": 429, 
            "end": 118, 
            "name": "877"
        }
    }, 
    {
        "pk": 445, 
        "model": "rost.route", 
        "fields": {
            "start": 1026, 
            "end": 522, 
            "name": "878"
        }
    }, 
    {
        "pk": 446, 
        "model": "rost.route", 
        "fields": {
            "start": 366, 
            "end": 947, 
            "name": "879"
        }
    }, 
    {
        "pk": 447, 
        "model": "rost.route", 
        "fields": {
            "start": 366, 
            "end": 67, 
            "name": "879A"
        }
    }, 
    {
        "pk": 448, 
        "model": "rost.route", 
        "fields": {
            "start": 366, 
            "end": 947, 
            "name": "879B"
        }
    }, 
    {
        "pk": 449, 
        "model": "rost.route", 
        "fields": {
            "start": 1050, 
            "end": 312, 
            "name": "882"
        }
    }, 
    {
        "pk": 450, 
        "model": "rost.route", 
        "fields": {
            "start": 762, 
            "end": 1050, 
            "name": "883"
        }
    }, 
    {
        "pk": 451, 
        "model": "rost.route", 
        "fields": {
            "start": 1026, 
            "end": 836, 
            "name": "885"
        }
    }, 
    {
        "pk": 452, 
        "model": "rost.route", 
        "fields": {
            "start": 558, 
            "end": 602, 
            "name": "886"
        }
    }, 
    {
        "pk": 453, 
        "model": "rost.route", 
        "fields": {
            "start": 1026, 
            "end": 256, 
            "name": "887"
        }
    }, 
    {
        "pk": 454, 
        "model": "rost.route", 
        "fields": {
            "start": 289, 
            "end": 869, 
            "name": "889"
        }
    }, 
    {
        "pk": 455, 
        "model": "rost.route", 
        "fields": {
            "start": 440, 
            "end": 297, 
            "name": "890"
        }
    }, 
    {
        "pk": 456, 
        "model": "rost.route", 
        "fields": {
            "start": 289, 
            "end": 356, 
            "name": "891"
        }
    }, 
    {
        "pk": 457, 
        "model": "rost.route", 
        "fields": {
            "start": 705, 
            "end": 429, 
            "name": "894"
        }
    }, 
    {
        "pk": 458, 
        "model": "rost.route", 
        "fields": {
            "start": 648, 
            "end": 62, 
            "name": "894A"
        }
    }, 
    {
        "pk": 459, 
        "model": "rost.route", 
        "fields": {
            "start": 1026, 
            "end": 38, 
            "name": "898"
        }
    }, 
    {
        "pk": 460, 
        "model": "rost.route", 
        "fields": {
            "start": 412, 
            "end": 545, 
            "name": "901"
        }
    }, 
    {
        "pk": 461, 
        "model": "rost.route", 
        "fields": {
            "start": 340, 
            "end": 655, 
            "name": "907"
        }
    }, 
    {
        "pk": 462, 
        "model": "rost.route", 
        "fields": {
            "start": 429, 
            "end": 992, 
            "name": "908"
        }
    }, 
    {
        "pk": 463, 
        "model": "rost.route", 
        "fields": {
            "start": 710, 
            "end": 1080, 
            "name": "909"
        }
    }, 
    {
        "pk": 464, 
        "model": "rost.route", 
        "fields": {
            "start": 973, 
            "end": 622, 
            "name": "910"
        }
    }, 
    {
        "pk": 465, 
        "model": "rost.route", 
        "fields": {
            "start": 1071, 
            "end": 128, 
            "name": "912"
        }
    }, 
    {
        "pk": 466, 
        "model": "rost.route", 
        "fields": {
            "start": 429, 
            "end": 826, 
            "name": "914"
        }
    }, 
    {
        "pk": 467, 
        "model": "rost.route", 
        "fields": {
            "start": 331, 
            "end": 521, 
            "name": "915"
        }
    }, 
    {
        "pk": 468, 
        "model": "rost.route", 
        "fields": {
            "start": 429, 
            "end": 103, 
            "name": "915 Extn."
        }
    }, 
    {
        "pk": 469, 
        "model": "rost.route", 
        "fields": {
            "start": 22, 
            "end": 506, 
            "name": "917"
        }
    }, 
    {
        "pk": 470, 
        "model": "rost.route", 
        "fields": {
            "start": 22, 
            "end": 621, 
            "name": "918"
        }
    }, 
    {
        "pk": 471, 
        "model": "rost.route", 
        "fields": {
            "start": 340, 
            "end": 740, 
            "name": "918A"
        }
    }, 
    {
        "pk": 472, 
        "model": "rost.route", 
        "fields": {
            "start": 710, 
            "end": 823, 
            "name": "921"
        }
    }, 
    {
        "pk": 473, 
        "model": "rost.route", 
        "fields": {
            "start": 338, 
            "end": 584, 
            "name": "921 Extn."
        }
    }, 
    {
        "pk": 474, 
        "model": "rost.route", 
        "fields": {
            "start": 238, 
            "end": 602, 
            "name": "922"
        }
    }, 
    {
        "pk": 475, 
        "model": "rost.route", 
        "fields": {
            "start": 238, 
            "end": 602, 
            "name": "923"
        }
    }, 
    {
        "pk": 476, 
        "model": "rost.route", 
        "fields": {
            "start": 710, 
            "end": 521, 
            "name": "924"
        }
    }, 
    {
        "pk": 477, 
        "model": "rost.route", 
        "fields": {
            "start": 238, 
            "end": 656, 
            "name": "925"
        }
    }, 
    {
        "pk": 478, 
        "model": "rost.route", 
        "fields": {
            "start": 238, 
            "end": 1023, 
            "name": "926"
        }
    }, 
    {
        "pk": 479, 
        "model": "rost.route", 
        "fields": {
            "start": 1033, 
            "end": 1023, 
            "name": "926A"
        }
    }, 
    {
        "pk": 480, 
        "model": "rost.route", 
        "fields": {
            "start": 710, 
            "end": 953, 
            "name": "926B"
        }
    }, 
    {
        "pk": 481, 
        "model": "rost.route", 
        "fields": {
            "start": 1034, 
            "end": 103, 
            "name": "927"
        }
    }, 
    {
        "pk": 482, 
        "model": "rost.route", 
        "fields": {
            "start": 429, 
            "end": 246, 
            "name": "928"
        }
    }, 
    {
        "pk": 483, 
        "model": "rost.route", 
        "fields": {
            "start": 710, 
            "end": 926, 
            "name": "928 Extn."
        }
    }, 
    {
        "pk": 484, 
        "model": "rost.route", 
        "fields": {
            "start": 429, 
            "end": 926, 
            "name": "928STL"
        }
    }, 
    {
        "pk": 485, 
        "model": "rost.route", 
        "fields": {
            "start": 238, 
            "end": 548, 
            "name": "929"
        }
    }, 
    {
        "pk": 486, 
        "model": "rost.route", 
        "fields": {
            "start": 1034, 
            "end": 548, 
            "name": "929 Extn."
        }
    }, 
    {
        "pk": 487, 
        "model": "rost.route", 
        "fields": {
            "start": 774, 
            "end": 79, 
            "name": "931"
        }
    }, 
    {
        "pk": 488, 
        "model": "rost.route", 
        "fields": {
            "start": 429, 
            "end": 641, 
            "name": "934"
        }
    }, 
    {
        "pk": 489, 
        "model": "rost.route", 
        "fields": {
            "start": 51, 
            "end": 521, 
            "name": "935"
        }
    }, 
    {
        "pk": 490, 
        "model": "rost.route", 
        "fields": {
            "start": 762, 
            "end": 271, 
            "name": "936"
        }
    }, 
    {
        "pk": 491, 
        "model": "rost.route", 
        "fields": {
            "start": 710, 
            "end": 992, 
            "name": "937"
        }
    }, 
    {
        "pk": 492, 
        "model": "rost.route", 
        "fields": {
            "start": 710, 
            "end": 992, 
            "name": "937A"
        }
    }, 
    {
        "pk": 493, 
        "model": "rost.route", 
        "fields": {
            "start": 51, 
            "end": 1023, 
            "name": "938"
        }
    }, 
    {
        "pk": 494, 
        "model": "rost.route", 
        "fields": {
            "start": 28, 
            "end": 543, 
            "name": "939"
        }
    }, 
    {
        "pk": 495, 
        "model": "rost.route", 
        "fields": {
            "start": 28, 
            "end": 329, 
            "name": "939 Extn."
        }
    }, 
    {
        "pk": 496, 
        "model": "rost.route", 
        "fields": {
            "start": 973, 
            "end": 543, 
            "name": "940"
        }
    }, 
    {
        "pk": 497, 
        "model": "rost.route", 
        "fields": {
            "start": 710, 
            "end": 436, 
            "name": "941"
        }
    }, 
    {
        "pk": 498, 
        "model": "rost.route", 
        "fields": {
            "start": 238, 
            "end": 401, 
            "name": "942"
        }
    }, 
    {
        "pk": 499, 
        "model": "rost.route", 
        "fields": {
            "start": 28, 
            "end": 994, 
            "name": "943"
        }
    }, 
    {
        "pk": 500, 
        "model": "rost.route", 
        "fields": {
            "start": 440, 
            "end": 992, 
            "name": "944"
        }
    }, 
    {
        "pk": 501, 
        "model": "rost.route", 
        "fields": {
            "start": 326, 
            "end": 927, 
            "name": "947"
        }
    }, 
    {
        "pk": 502, 
        "model": "rost.route", 
        "fields": {
            "start": 115, 
            "end": 927, 
            "name": "947A"
        }
    }, 
    {
        "pk": 503, 
        "model": "rost.route", 
        "fields": {
            "start": 180, 
            "end": 1023, 
            "name": "949"
        }
    }, 
    {
        "pk": 504, 
        "model": "rost.route", 
        "fields": {
            "start": 382, 
            "end": 926, 
            "name": "949A"
        }
    }, 
    {
        "pk": 505, 
        "model": "rost.route", 
        "fields": {
            "start": 917, 
            "end": 926, 
            "name": "949 Extn."
        }
    }, 
    {
        "pk": 506, 
        "model": "rost.route", 
        "fields": {
            "start": 412, 
            "end": 1080, 
            "name": "951"
        }
    }, 
    {
        "pk": 507, 
        "model": "rost.route", 
        "fields": {
            "start": 1050, 
            "end": 46, 
            "name": "952"
        }
    }, 
    {
        "pk": 508, 
        "model": "rost.route", 
        "fields": {
            "start": 22, 
            "end": 994, 
            "name": "954"
        }
    }, 
    {
        "pk": 509, 
        "model": "rost.route", 
        "fields": {
            "start": 973, 
            "end": 860, 
            "name": "957"
        }
    }, 
    {
        "pk": 510, 
        "model": "rost.route", 
        "fields": {
            "start": 973, 
            "end": 329, 
            "name": "957A"
        }
    }, 
    {
        "pk": 511, 
        "model": "rost.route", 
        "fields": {
            "start": 630, 
            "end": 603, 
            "name": "961"
        }
    }, 
    {
        "pk": 512, 
        "model": "rost.route", 
        "fields": {
            "start": 440, 
            "end": 422, 
            "name": "962"
        }
    }, 
    {
        "pk": 513, 
        "model": "rost.route", 
        "fields": {
            "start": 429, 
            "end": 422, 
            "name": "962STL"
        }
    }, 
    {
        "pk": 514, 
        "model": "rost.route", 
        "fields": {
            "start": 973, 
            "end": 521, 
            "name": "962A"
        }
    }, 
    {
        "pk": 515, 
        "model": "rost.route", 
        "fields": {
            "start": 440, 
            "end": 584, 
            "name": "962B"
        }
    }, 
    {
        "pk": 516, 
        "model": "rost.route", 
        "fields": {
            "start": 973, 
            "end": 80, 
            "name": "963"
        }
    }, 
    {
        "pk": 517, 
        "model": "rost.route", 
        "fields": {
            "start": 663, 
            "end": 621, 
            "name": "966"
        }
    }, 
    {
        "pk": 518, 
        "model": "rost.route", 
        "fields": {
            "start": 663, 
            "end": 543, 
            "name": "966 Extn."
        }
    }, 
    {
        "pk": 519, 
        "model": "rost.route", 
        "fields": {
            "start": 331, 
            "end": 186, 
            "name": "968"
        }
    }, 
    {
        "pk": 520, 
        "model": "rost.route", 
        "fields": {
            "start": 626, 
            "end": 1050, 
            "name": "969"
        }
    }, 
    {
        "pk": 521, 
        "model": "rost.route", 
        "fields": {
            "start": 487, 
            "end": 1079, 
            "name": "969A"
        }
    }, 
    {
        "pk": 522, 
        "model": "rost.route", 
        "fields": {
            "start": 346, 
            "end": 848, 
            "name": "970"
        }
    }, 
    {
        "pk": 523, 
        "model": "rost.route", 
        "fields": {
            "start": 663, 
            "end": 1033, 
            "name": "970B"
        }
    }, 
    {
        "pk": 524, 
        "model": "rost.route", 
        "fields": {
            "start": 346, 
            "end": 1080, 
            "name": "970C"
        }
    }, 
    {
        "pk": 525, 
        "model": "rost.route", 
        "fields": {
            "start": 28, 
            "end": 848, 
            "name": "971"
        }
    }, 
    {
        "pk": 526, 
        "model": "rost.route", 
        "fields": {
            "start": 28, 
            "end": 107, 
            "name": "971A"
        }
    }, 
    {
        "pk": 527, 
        "model": "rost.route", 
        "fields": {
            "start": 287, 
            "end": 1050, 
            "name": "972"
        }
    }, 
    {
        "pk": 528, 
        "model": "rost.route", 
        "fields": {
            "start": 103, 
            "end": 1050, 
            "name": "972A"
        }
    }, 
    {
        "pk": 529, 
        "model": "rost.route", 
        "fields": {
            "start": 440, 
            "end": 852, 
            "name": "975"
        }
    }, 
    {
        "pk": 530, 
        "model": "rost.route", 
        "fields": {
            "start": 28, 
            "end": 661, 
            "name": "976"
        }
    }, 
    {
        "pk": 531, 
        "model": "rost.route", 
        "fields": {
            "start": 51, 
            "end": 602, 
            "name": "978"
        }
    }, 
    {
        "pk": 532, 
        "model": "rost.route", 
        "fields": {
            "start": 620, 
            "end": 630, 
            "name": "979"
        }
    }, 
    {
        "pk": 533, 
        "model": "rost.route", 
        "fields": {
            "start": 762, 
            "end": 621, 
            "name": "980"
        }
    }, 
    {
        "pk": 534, 
        "model": "rost.route", 
        "fields": {
            "start": 981, 
            "end": 1023, 
            "name": "981"
        }
    }, 
    {
        "pk": 535, 
        "model": "rost.route", 
        "fields": {
            "start": 653, 
            "end": 992, 
            "name": "982"
        }
    }, 
    {
        "pk": 536, 
        "model": "rost.route", 
        "fields": {
            "start": 429, 
            "end": 287, 
            "name": "983"
        }
    }, 
    {
        "pk": 537, 
        "model": "rost.route", 
        "fields": {
            "start": 848, 
            "end": 483, 
            "name": "984A"
        }
    }, 
    {
        "pk": 538, 
        "model": "rost.route", 
        "fields": {
            "start": 652, 
            "end": 947, 
            "name": "985"
        }
    }, 
    {
        "pk": 539, 
        "model": "rost.route", 
        "fields": {
            "start": 727, 
            "end": 784, 
            "name": "988"
        }
    }, 
    {
        "pk": 540, 
        "model": "rost.route", 
        "fields": {
            "start": 973, 
            "end": 839, 
            "name": "990"
        }
    }, 
    {
        "pk": 541, 
        "model": "rost.route", 
        "fields": {
            "start": 973, 
            "end": 868, 
            "name": "990A"
        }
    }, 
    {
        "pk": 542, 
        "model": "rost.route", 
        "fields": {
            "start": 885, 
            "end": 810, 
            "name": "990B"
        }
    }, 
    {
        "pk": 543, 
        "model": "rost.route", 
        "fields": {
            "start": 973, 
            "end": 866, 
            "name": "990 Extn."
        }
    }, 
    {
        "pk": 544, 
        "model": "rost.route", 
        "fields": {
            "start": 973, 
            "end": 863, 
            "name": "990SPL"
        }
    }, 
    {
        "pk": 545, 
        "model": "rost.route", 
        "fields": {
            "start": 973, 
            "end": 584, 
            "name": "991"
        }
    }, 
    {
        "pk": 546, 
        "model": "rost.route", 
        "fields": {
            "start": 800, 
            "end": 80, 
            "name": "998"
        }
    }, 
    {
        "pk": 547, 
        "model": "rost.route", 
        "fields": {
            "start": 338, 
            "end": 103, 
            "name": "012"
        }
    }, 
    {
        "pk": 548, 
        "model": "rost.route", 
        "fields": {
            "start": 338, 
            "end": 705, 
            "name": "044"
        }
    }, 
    {
        "pk": 549, 
        "model": "rost.route", 
        "fields": {
            "start": 338, 
            "end": 602, 
            "name": "072"
        }
    }, 
    {
        "pk": 550, 
        "model": "rost.route", 
        "fields": {
            "start": 338, 
            "end": 366, 
            "name": "082"
        }
    }, 
    {
        "pk": 551, 
        "model": "rost.route", 
        "fields": {
            "start": 710, 
            "end": 992, 
            "name": "094"
        }
    }, 
    {
        "pk": 552, 
        "model": "rost.route", 
        "fields": {
            "start": 648, 
            "end": 28, 
            "name": "GL-22"
        }
    }, 
    {
        "pk": 553, 
        "model": "rost.route", 
        "fields": {
            "start": 338, 
            "end": 28, 
            "name": "GL-23"
        }
    }, 
    {
        "pk": 554, 
        "model": "rost.route", 
        "fields": {
            "start": 429, 
            "end": 683, 
            "name": "GL-32"
        }
    }, 
    {
        "pk": 555, 
        "model": "rost.route", 
        "fields": {
            "start": 440, 
            "end": 855, 
            "name": "GL-90"
        }
    }, 
    {
        "pk": 556, 
        "model": "rost.route", 
        "fields": {
            "start": 973, 
            "end": 595, 
            "name": "GL-91"
        }
    }, 
    {
        "pk": 557, 
        "model": "rost.route", 
        "fields": {
            "start": 648, 
            "end": 210, 
            "name": "RL-75"
        }
    }, 
    {
        "pk": 558, 
        "model": "rost.route", 
        "fields": {
            "start": 648, 
            "end": 537, 
            "name": "RL-77"
        }
    }, 
    {
        "pk": 559, 
        "model": "rost.route", 
        "fields": {
            "start": 648, 
            "end": 228, 
            "name": "RL-77A"
        }
    }, 
    {
        "pk": 560, 
        "model": "rost.route", 
        "fields": {
            "start": 648, 
            "end": 205, 
            "name": "RL-77B"
        }
    }, 
    {
        "pk": 561, 
        "model": "rost.route", 
        "fields": {
            "start": 648, 
            "end": 229, 
            "name": "RL-77 Extn."
        }
    }, 
    {
        "pk": 562, 
        "model": "rost.route", 
        "fields": {
            "start": 648, 
            "end": 230, 
            "name": "RL-79"
        }
    }, 
    {
        "pk": 563, 
        "model": "rost.route", 
        "fields": {
            "start": 337, 
            "end": 337, 
            "name": "Yamuna Mudrika (+) (-)"
        }
    }, 
    {
        "pk": 564, 
        "model": "rost.route", 
        "fields": {
            "start": 28, 
            "end": 28, 
            "name": "OMS"
        }
    }, 
    {
        "pk": 565, 
        "model": "rost.route", 
        "fields": {
            "start": 239, 
            "end": 239, 
            "name": "MS"
        }
    }, 
    {
        "pk": 566, 
        "model": "rost.route", 
        "fields": {
            "start": 807, 
            "end": 807, 
            "name": "TMS"
        }
    }, 
    {
        "pk": 567, 
        "model": "rost.route", 
        "fields": {
            "start": 504, 
            "end": 504, 
            "name": "West Delhi Mudrika (+) (-)"
        }
    }, 
    {
        "pk": 568, 
        "model": "rost.route", 
        "fields": {
            "start": 784, 
            "end": 784, 
            "name": "Gramin Mudrika"
        }
    }, 
    {
        "pk": 569, 
        "model": "rost.route", 
        "fields": {
            "start": 973, 
            "end": 946, 
            "name": "MF-4"
        }
    }, 
    {
        "pk": 570, 
        "model": "rost.route", 
        "fields": {
            "start": 338, 
            "end": 328, 
            "name": "Air Port Ex-Press 4"
        }
    }
]